website,website_timestamp,urlkey,timestamp,original,mimetype,statuscode,digest,length,width,height,size,animated,frame_count,animation_duration,loop_count,iab_size,jiaa_size,image_tag_width,image_tag_height,image_tag_parent_href,image_tag_full_parent_href,image_tag_alt_text
nikkeibp.co.jp,20000511101011,"jp,co,nikkeibp,bizad)/image/ng_biztech/hitachisuperh991001.gif",20000925212420,http://bizad.nikkeibp.co.jp:80/image/ng_biztech/hitachisuperh991001.gif,im,200,WGZQRI7HDFTA5CQ5BK4V2YYAZIXMHYWM,10016,468,60,9842,True,10,5000,0,Full Banner,Regular Banner,468,60,/event.ng/Type=click&ProfileID=62&RunID=1419&AdID=1419&GroupID=11&FamilyID=1&TagValues=263&Redirect=http:%2F%2Fwww.super-h.com%2F,http://bizad.nikkeibp.co.jp:80/event.ng/Type=click&ProfileID=62&RunID=1419&AdID=1419&GroupID=11&FamilyID=1&TagValues=263&Redirect=http:%2F%2Fwww.super-h.com%2F,HITACHI Click Here!
nikkei.co.jp,20000511084722,"jp,co,nikkei)/ad/logo/daiwa9904-b3.gif",20040829052208,http://www.nikkei.co.jp/ad/logo/daiwa9904-b3.gif,image/gif,200,BRQAWJJDA2QKOLQUZ4BAAJAS5YFB5MWP,10430,468,60,12049,True,16,32000,0,Full Banner,Regular Banner,468,60,/event.ng/Type=click&ProfileID=11&RunID=1857&AdID=1345&GroupID=1&FamilyID=144&TagValues=157.164.168.180.187.194.208.228&Redirect=http:%2F%2Fwww.daiwa.co.jp%2FPR%2Fad%2F990426.html,http://globe.nikkei.co.jp:80/event.ng/Type=click&ProfileID=11&RunID=1857&AdID=1345&GroupID=1&FamilyID=144&TagValues=157.164.168.180.187.194.208.228&Redirect=http:%2F%2Fwww.daiwa.co.jp%2FPR%2Fad%2F990426.html,Daiwa Securities
nikkei.co.jp,20000511021624,"jp,co,nikkei)/ad/logo/daiwa9904-b3.gif",20040829052208,http://www.nikkei.co.jp/ad/logo/daiwa9904-b3.gif,image/gif,200,BRQAWJJDA2QKOLQUZ4BAAJAS5YFB5MWP,10430,468,60,12049,True,16,32000,0,Full Banner,Regular Banner,468,60,/event.ng/Type=click&ProfileID=11&RunID=1857&AdID=1345&GroupID=1&FamilyID=144&TagValues=157.164.168.180.187.194.208.228&Redirect=http:%2F%2Fwww.daiwa.co.jp%2FPR%2Fad%2F990426.html,http://globe.nikkei.co.jp:80/event.ng/Type=click&ProfileID=11&RunID=1857&AdID=1345&GroupID=1&FamilyID=144&TagValues=157.164.168.180.187.194.208.228&Redirect=http:%2F%2Fwww.daiwa.co.jp%2FPR%2Fad%2F990426.html,Daiwa Securities
nikkei.co.jp,20000511183548,"jp,co,nikkei)/ad/logo/daiwa9904-b3.gif",20040829052208,http://www.nikkei.co.jp/ad/logo/daiwa9904-b3.gif,image/gif,200,BRQAWJJDA2QKOLQUZ4BAAJAS5YFB5MWP,10430,468,60,12049,True,16,32000,0,Full Banner,Regular Banner,468,60,/event.ng/Type=click&ProfileID=11&RunID=1857&AdID=1345&GroupID=1&FamilyID=144&TagValues=157.164.168.180.187.194.208.228&Redirect=http:%2F%2Fwww.daiwa.co.jp%2FPR%2Fad%2F990426.html,http://globe.nikkei.co.jp:80/event.ng/Type=click&ProfileID=11&RunID=1857&AdID=1345&GroupID=1&FamilyID=144&TagValues=157.164.168.180.187.194.208.228&Redirect=http:%2F%2Fwww.daiwa.co.jp%2FPR%2Fad%2F990426.html,Daiwa Securities
nikkei.co.jp,20000511005201,"jp,co,nikkei)/ad/logo/daiwa9904-b3.gif",20040829052208,http://www.nikkei.co.jp/ad/logo/daiwa9904-b3.gif,image/gif,200,BRQAWJJDA2QKOLQUZ4BAAJAS5YFB5MWP,10430,468,60,12049,True,16,32000,0,Full Banner,Regular Banner,468,60,/event.ng/Type=click&ProfileID=11&RunID=1857&AdID=1345&GroupID=1&FamilyID=144&TagValues=157.164.168.180.187.194.208.228&Redirect=http:%2F%2Fwww.daiwa.co.jp%2FPR%2Fad%2F990426.html,http://globe.nikkei.co.jp:80/event.ng/Type=click&ProfileID=11&RunID=1857&AdID=1345&GroupID=1&FamilyID=144&TagValues=157.164.168.180.187.194.208.228&Redirect=http:%2F%2Fwww.daiwa.co.jp%2FPR%2Fad%2F990426.html,Daiwa Securities
nikkei.co.jp,20000510210039,"jp,co,nikkei)/ad/logo/daiwa9904-b3.gif",20040829052208,http://www.nikkei.co.jp/ad/logo/daiwa9904-b3.gif,image/gif,200,BRQAWJJDA2QKOLQUZ4BAAJAS5YFB5MWP,10430,468,60,12049,True,16,32000,0,Full Banner,Regular Banner,468,60,/event.ng/Type=click&ProfileID=11&RunID=1857&AdID=1345&GroupID=1&FamilyID=144&TagValues=157.164.168.180.187.194.208.228&Redirect=http:%2F%2Fwww.daiwa.co.jp%2FPR%2Fad%2F990426.html,http://globe.nikkei.co.jp:80/event.ng/Type=click&ProfileID=11&RunID=1857&AdID=1345&GroupID=1&FamilyID=144&TagValues=157.164.168.180.187.194.208.228&Redirect=http:%2F%2Fwww.daiwa.co.jp%2FPR%2Fad%2F990426.html,Daiwa Securities
nikkei.co.jp,20000510010756,"jp,co,nikkei)/ad/logo/daiwa9904-b3.gif",20040829052208,http://www.nikkei.co.jp/ad/logo/daiwa9904-b3.gif,image/gif,200,BRQAWJJDA2QKOLQUZ4BAAJAS5YFB5MWP,10430,468,60,12049,True,16,32000,0,Full Banner,Regular Banner,468,60,/event.ng/Type=click&ProfileID=11&RunID=1857&AdID=1345&GroupID=1&FamilyID=144&TagValues=157.164.168.180.187.194.208.228&Redirect=http:%2F%2Fwww.daiwa.co.jp%2FPR%2Fad%2F990426.html,http://globe.nikkei.co.jp:80/event.ng/Type=click&ProfileID=11&RunID=1857&AdID=1345&GroupID=1&FamilyID=144&TagValues=157.164.168.180.187.194.208.228&Redirect=http:%2F%2Fwww.daiwa.co.jp%2FPR%2Fad%2F990426.html,Daiwa Securities
nifty.com,20000511063529,"com,nifty)/images/ie_horiz.gif",20000517010124,http://www.nifty.com:80/images/IE_horiz.gif,im,200,SVHBPFDWUKLCRFNKI3TBT6VUUISCU2OL,1190,88,31,896,True,1,0,0,Micro Button,,88,31,http://www.nifty.com/ie/index.htm,http://www.nifty.com/ie/index.htm,Internet Explorer
nifty.com,20000511044443,"com,nifty)/images/ie_horiz.gif",20000517010124,http://www.nifty.com:80/images/IE_horiz.gif,im,200,SVHBPFDWUKLCRFNKI3TBT6VUUISCU2OL,1190,88,31,896,True,1,0,0,Micro Button,,88,31,http://www.nifty.com/ie/index.htm,http://www.nifty.com/ie/index.htm,Internet Explorer
nifty.com,20000511120839,"com,nifty)/images/ie_horiz.gif",20000517010124,http://www.nifty.com:80/images/IE_horiz.gif,im,200,SVHBPFDWUKLCRFNKI3TBT6VUUISCU2OL,1190,88,31,896,True,1,0,0,Micro Button,,88,31,http://www.nifty.com/ie/index.htm,http://www.nifty.com/ie/index.htm,Internet Explorer
nifty.com,20000511081830,"com,nifty)/images/ie_horiz.gif",20000517010124,http://www.nifty.com:80/images/IE_horiz.gif,im,200,SVHBPFDWUKLCRFNKI3TBT6VUUISCU2OL,1190,88,31,896,True,1,0,0,Micro Button,,88,31,http://www.nifty.com/ie/index.htm,http://www.nifty.com/ie/index.htm,Internet Explorer
nifty.com,20000510113735,"com,nifty)/images/ie_horiz.gif",20000517010124,http://www.nifty.com:80/images/IE_horiz.gif,im,200,SVHBPFDWUKLCRFNKI3TBT6VUUISCU2OL,1190,88,31,896,True,1,0,0,Micro Button,,88,31,http://www.nifty.com/ie/index.htm,http://www.nifty.com/ie/index.htm,Internet Explorer
nifty.com,20000511121128,"com,nifty)/images/ie_horiz.gif",20000517010124,http://www.nifty.com:80/images/IE_horiz.gif,im,200,SVHBPFDWUKLCRFNKI3TBT6VUUISCU2OL,1190,88,31,896,True,1,0,0,Micro Button,,88,31,http://www.nifty.com/ie/index.htm,http://www.nifty.com/ie/index.htm,Internet Explorer
nifty.com,20000511130437,"com,nifty)/images/ie_horiz.gif",20000517010124,http://www.nifty.com:80/images/IE_horiz.gif,im,200,SVHBPFDWUKLCRFNKI3TBT6VUUISCU2OL,1190,88,31,896,True,1,0,0,Micro Button,,88,31,http://www.nifty.com/ie/index.htm,http://www.nifty.com/ie/index.htm,Internet Explorer
nifty.com,20000511115948,"com,nifty)/images/ie_horiz.gif",20000517010124,http://www.nifty.com:80/images/IE_horiz.gif,im,200,SVHBPFDWUKLCRFNKI3TBT6VUUISCU2OL,1190,88,31,896,True,1,0,0,Micro Button,,88,31,http://www.nifty.com/ie/index.htm,http://www.nifty.com/ie/index.htm,Internet Explorer
nifty.com,20000520070333,"com,nifty)/images/ie_horiz.gif",20000517010124,http://www.nifty.com:80/images/IE_horiz.gif,im,200,SVHBPFDWUKLCRFNKI3TBT6VUUISCU2OL,1190,88,31,896,True,1,0,0,Micro Button,,88,31,http://www.nifty.com/ie/index.htm,http://www.nifty.com/ie/index.htm,Internet Explorer
nifty.com,20000511040922,"com,nifty)/images/ie_horiz.gif",20000517010124,http://www.nifty.com:80/images/IE_horiz.gif,im,200,SVHBPFDWUKLCRFNKI3TBT6VUUISCU2OL,1190,88,31,896,True,1,0,0,Micro Button,,88,31,http://www.nifty.com/ie/index.htm,http://www.nifty.com/ie/index.htm,Internet Explorer
odn.ne.jp,20000511040107,"jp,ne,odn)/image-21/ie.gif",20030924223249,http://odn.ne.jp/image-21/ie.gif,image/gif,200,O5TQILVO7IK72DWPXSLRCVNDUJRNFKP7,6211,88,31,7090,True,21,4200,0,Micro Button,,88,31,http://www.microsoft.com/japan/ie/,http://www.microsoft.com/japan/ie/,
odn.ne.jp,20000510162709,"jp,ne,odn)/image-21/ie.gif",20030924223249,http://odn.ne.jp/image-21/ie.gif,image/gif,200,O5TQILVO7IK72DWPXSLRCVNDUJRNFKP7,6211,88,31,7090,True,21,4200,0,Micro Button,,88,31,http://www.microsoft.com/japan/ie/,http://www.microsoft.com/japan/ie/,
odn.ne.jp,20000510043709,"jp,ne,odn)/image-21/ie.gif",20030924223249,http://odn.ne.jp/image-21/ie.gif,image/gif,200,O5TQILVO7IK72DWPXSLRCVNDUJRNFKP7,6211,88,31,7090,True,21,4200,0,Micro Button,,88,31,http://www.microsoft.com/japan/ie/,http://www.microsoft.com/japan/ie/,
odn.ne.jp,20000520083412,"jp,ne,odn)/image-21/ie.gif",20030924223249,http://odn.ne.jp/image-21/ie.gif,image/gif,200,O5TQILVO7IK72DWPXSLRCVNDUJRNFKP7,6211,88,31,7090,True,21,4200,0,Micro Button,,88,31,http://www.microsoft.com/japan/ie/,http://www.microsoft.com/japan/ie/,
odn.ne.jp,20000510142747,"jp,ne,odn)/image-21/ie.gif",20030924223249,http://odn.ne.jp/image-21/ie.gif,image/gif,200,O5TQILVO7IK72DWPXSLRCVNDUJRNFKP7,6211,88,31,7090,True,21,4200,0,Micro Button,,88,31,http://www.microsoft.com/japan/ie/,http://www.microsoft.com/japan/ie/,
odn.ne.jp,20000510075527,"jp,ne,odn)/image-21/ie.gif",20030924223249,http://odn.ne.jp/image-21/ie.gif,image/gif,200,O5TQILVO7IK72DWPXSLRCVNDUJRNFKP7,6211,88,31,7090,True,21,4200,0,Micro Button,,88,31,http://www.microsoft.com/japan/ie/,http://www.microsoft.com/japan/ie/,
odn.ne.jp,20000510005126,"jp,ne,odn)/image-21/ie.gif",20030924223249,http://odn.ne.jp/image-21/ie.gif,image/gif,200,O5TQILVO7IK72DWPXSLRCVNDUJRNFKP7,6211,88,31,7090,True,21,4200,0,Micro Button,,88,31,http://www.microsoft.com/japan/ie/,http://www.microsoft.com/japan/ie/,
odn.ne.jp,20000510120908,"jp,ne,odn)/image-21/ie.gif",20030924223249,http://odn.ne.jp/image-21/ie.gif,image/gif,200,O5TQILVO7IK72DWPXSLRCVNDUJRNFKP7,6211,88,31,7090,True,21,4200,0,Micro Button,,88,31,http://www.microsoft.com/japan/ie/,http://www.microsoft.com/japan/ie/,
odn.ne.jp,20000510095035,"jp,ne,odn)/image-21/ie.gif",20030924223249,http://odn.ne.jp/image-21/ie.gif,image/gif,200,O5TQILVO7IK72DWPXSLRCVNDUJRNFKP7,6211,88,31,7090,True,21,4200,0,Micro Button,,88,31,http://www.microsoft.com/japan/ie/,http://www.microsoft.com/japan/ie/,
odn.ne.jp,20000520065813,"jp,ne,odn)/image-21/ie.gif",20030924223249,http://odn.ne.jp/image-21/ie.gif,image/gif,200,O5TQILVO7IK72DWPXSLRCVNDUJRNFKP7,6211,88,31,7090,True,21,4200,0,Micro Button,,88,31,http://www.microsoft.com/japan/ie/,http://www.microsoft.com/japan/ie/,
odn.ne.jp,20000510110012,"jp,ne,odn)/image-21/ie.gif",20030924223249,http://odn.ne.jp/image-21/ie.gif,image/gif,200,O5TQILVO7IK72DWPXSLRCVNDUJRNFKP7,6211,88,31,7090,True,21,4200,0,Micro Button,,88,31,http://www.microsoft.com/japan/ie/,http://www.microsoft.com/japan/ie/,
vector.co.jp,20000511110758,"jp,co,vector)/advertise/image/f0001349/proreg_6.gif",20000827085902,http://www.vector.co.jp:80/advertise/image/f0001349/proreg_6.gif,image/gif,200,KK6V7W2R6SFHVBOBE5QSGUEGQAWKNX7V,10387,468,60,10142,True,3,4500,0,Full Banner,Regular Banner,468,60,http://www.vector.co.jp/cgi/nph-clickad?adnum=F0001349&banum=6&channel=gen&program=gen_top&url=,http://www.vector.co.jp/cgi/nph-clickad?adnum=F0001349&banum=6&channel=gen&program=gen_top&url=,ありますソフト買えますその場でベクターレジサービス
vector.co.jp,20000510073657,"jp,co,vector)/advertise/image/a0001691/rv000501dena_0231.gif",20031215070249,http://www.vector.co.jp/advertise/image/a0001691/rv000501dena_0231.gif,image/gif,200,UJXRG4CY3SZZEXJHLNNBPOMIUGWCESSC,11322,468,60,11118,True,7,5600,0,Full Banner,Regular Banner,468,60,http://www.vector.co.jp/cgi/nph-clickad?adnum=A0001691&banum=2&channel=gen&program=gen_top&url=,http://www.vector.co.jp/cgi/nph-clickad?adnum=A0001691&banum=2&channel=gen&program=gen_top&url=,So-net & ISIZE 公式オークション ビッダーズ
vector.co.jp,20000520061629,"jp,co,vector)/swreg/special/images/000520/pinball_snap_ss.gif",20040524075315,http://www.vector.co.jp/swreg/special/images/000520/pinball_snap_ss.gif,image/gif,200,W3SMH47G6UQ7PAXQVN2JYCHTWUN55OM5,9444,120,90,9351,True,1,0,0,Button 1,Regular Badge,120,90,/swreg/special/s000520.html,http://www.vector.co.jp:80/swreg/special/s000520.html,Theピンボール
vector.co.jp,20000520061629,"jp,co,vector)/advertise/image/f0000987/pickup_01.gif",20000427000004,http://www.vector.co.jp:80/advertise/image/f0000987/pickup_01.gif,im,200,EGAS4UL5PJVRRQEXKUZJGXALZJBZSNRN,8467,468,60,8168,True,1,200,0,Full Banner,Regular Banner,468,60,http://www.vector.co.jp/cgi/nph-clickad?adnum=F0000987&banum=1&channel=gen&program=gen_top&url=,http://www.vector.co.jp/cgi/nph-clickad?adnum=F0000987&banum=1&channel=gen&program=gen_top&url=,お勧ソフト、定番ソフトを紹介 PickUpコーナー
vector.co.jp,20000520073937,"jp,co,vector)/swreg/special/images/000520/pinball_snap_ss.gif",20040524075315,http://www.vector.co.jp/swreg/special/images/000520/pinball_snap_ss.gif,image/gif,200,W3SMH47G6UQ7PAXQVN2JYCHTWUN55OM5,9444,120,90,9351,True,1,0,0,Button 1,Regular Badge,120,90,/swreg/special/s000520.html,http://www.vector.co.jp:80/swreg/special/s000520.html,Theピンボール
vector.co.jp,20000520073937,"jp,co,vector)/advertise/image/a0001691/rv000501dena_0230.gif",20000827090202,http://www.vector.co.jp:80/advertise/image/a0001691/rv000501dena_0230.gif,image/gif,200,ODQ7UR5KSRQRDYHX7W4F3HIPC5MFM77J,12561,468,60,12298,True,3,6000,0,Full Banner,Regular Banner,468,60,http://www.vector.co.jp/cgi/nph-clickad?adnum=A0001691&banum=1&channel=gen&program=gen_top&url=,http://www.vector.co.jp/cgi/nph-clickad?adnum=A0001691&banum=1&channel=gen&program=gen_top&url=,So-net & ISIZE 公式オークション ビッダーズ
vector.co.jp,20000510063138,"jp,co,vector)/advertise/image/f0001349/proreg_6.gif",20000827085902,http://www.vector.co.jp:80/advertise/image/f0001349/proreg_6.gif,image/gif,200,KK6V7W2R6SFHVBOBE5QSGUEGQAWKNX7V,10387,468,60,10142,True,3,4500,0,Full Banner,Regular Banner,468,60,http://www.vector.co.jp/cgi/nph-clickad?adnum=F0001349&banum=6&channel=gen&program=gen_top&url=,http://www.vector.co.jp/cgi/nph-clickad?adnum=F0001349&banum=6&channel=gen&program=gen_top&url=,ありますソフト買えますその場でベクターレジサービス
vector.co.jp,20000510113800,"jp,co,vector)/advertise/image/f0001188/mailbanner_02.gif",20000519143444,http://www.vector.co.jp:80/advertise/image/f0001188/mailbanner_02.gif,im,200,T3YSLVPIQISN2AO2KODXBNBXKGQP7AHD,12402,468,60,12119,True,2,7000,0,Full Banner,Regular Banner,468,60,http://www.vector.co.jp/cgi/nph-clickad?adnum=F0001188&banum=2&channel=gen&program=gen_top&url=,http://www.vector.co.jp/cgi/nph-clickad?adnum=F0001188&banum=2&channel=gen&program=gen_top&url=,週に一度の早耳情報 !!　ベクター ソフト情報メールサービス「ベックル」　お申し込みはこちらから
yahoo.co.jp,20000511110235,"jp,co,yahoo,img)/adv/yahoo/20000117/pseat-b.gif",20010604234910,http://img.yahoo.co.jp:80/adv/yahoo/20000117/pseat-b.gif,image/gif,200,KGGEK5VUWWSX2CZN5MBW4D55GF2L25YP,2243,224,33,2236,True,13,13000,0,,Small Banner,224,33,http://jp.rd.yahoo.com/M=300025961.300311916.302007352.300001147/S=2075494237:N/A=300130501/R=0/?http://www.yahoo.co.jp/docs/info/visa/,http://jp.rd.yahoo.com/M=300025961.300311916.302007352.300001147/S=2075494237:N/A=300130501/R=0/?http://www.yahoo.co.jp/docs/info/visa/,VISA
nifty.ne.jp,20000510180627,"jp,ne,nifty)/images/mov_atlogo.gif",20000429065156,http://www.nifty.ne.jp:80/images/mov_atlogo.gif,im,200,BY5JQQTDVCNWAD4IH4F7DE3Y2TNMMEHX,818,88,31,506,True,1,0,0,Micro Button,,88,31,http://www.nifty.com/,http://www.nifty.com/,アット・ニフティロゴ
nifty.ne.jp,20000510095038,"jp,ne,nifty)/images/mov_atlogo.gif",20000429065156,http://www.nifty.ne.jp:80/images/mov_atlogo.gif,im,200,BY5JQQTDVCNWAD4IH4F7DE3Y2TNMMEHX,818,88,31,506,True,1,0,0,Micro Button,,88,31,http://www.nifty.com/,http://www.nifty.com/,アット・ニフティロゴ
nifty.ne.jp,20000511215736,"jp,ne,nifty)/images/mov_atlogo.gif",20000429065156,http://www.nifty.ne.jp:80/images/mov_atlogo.gif,im,200,BY5JQQTDVCNWAD4IH4F7DE3Y2TNMMEHX,818,88,31,506,True,1,0,0,Micro Button,,88,31,http://www.nifty.com/,http://www.nifty.com/,アット・ニフティロゴ
nifty.ne.jp,20000510170705,"jp,ne,nifty)/images/mov_atlogo.gif",20000429065156,http://www.nifty.ne.jp:80/images/mov_atlogo.gif,im,200,BY5JQQTDVCNWAD4IH4F7DE3Y2TNMMEHX,818,88,31,506,True,1,0,0,Micro Button,,88,31,http://www.nifty.com/,http://www.nifty.com/,アット・ニフティロゴ
nifty.ne.jp,20000520065034,"jp,ne,nifty)/images/mov_atlogo.gif",20000429065156,http://www.nifty.ne.jp:80/images/mov_atlogo.gif,im,200,BY5JQQTDVCNWAD4IH4F7DE3Y2TNMMEHX,818,88,31,506,True,1,0,0,Micro Button,,88,31,http://www.nifty.com/,http://www.nifty.com/,アット・ニフティロゴ
nifty.ne.jp,20000516161714,"jp,ne,nifty)/images/mov_atlogo.gif",20000429065156,http://www.nifty.ne.jp:80/images/mov_atlogo.gif,im,200,BY5JQQTDVCNWAD4IH4F7DE3Y2TNMMEHX,818,88,31,506,True,1,0,0,Micro Button,,88,31,http://www.nifty.com/,http://www.nifty.com/,アット・ニフティロゴ
nifty.ne.jp,20000513121753,"jp,ne,nifty)/images/mov_atlogo.gif",20000429065156,http://www.nifty.ne.jp:80/images/mov_atlogo.gif,im,200,BY5JQQTDVCNWAD4IH4F7DE3Y2TNMMEHX,818,88,31,506,True,1,0,0,Micro Button,,88,31,http://www.nifty.com/,http://www.nifty.com/,アット・ニフティロゴ
nifty.ne.jp,20000518090502,"jp,ne,nifty)/images/mov_atlogo.gif",20000429065156,http://www.nifty.ne.jp:80/images/mov_atlogo.gif,im,200,BY5JQQTDVCNWAD4IH4F7DE3Y2TNMMEHX,818,88,31,506,True,1,0,0,Micro Button,,88,31,http://www.nifty.com/,http://www.nifty.com/,アット・ニフティロゴ
goo.ne.jp,20000511033340,"net,doubleclick,jp,ad)/ad/www.brand-right.goo.ne.jp/sponsor-button/menubottom_right;sz=88x31;ord=33811",20130208144733,http://ad.jp.doubleclick.net/ad/www.brand-right.goo.ne.jp/sponsor-button/menubottom_right;sz=88x31;ord=33811,image/gif,200,KCZQ7VPYPSC74XF2EY24XAZRNSTREUGX,317,1,1,43,True,1,0,0,,,88,31,http://ad.jp.doubleclick.net/jump/www.brand-right.goo.ne.jp/sponsor-button/menubottom_right;sz=88x31;ord=33811?,http://ad.jp.doubleclick.net/jump/www.brand-right.goo.ne.jp/sponsor-button/menubottom_right;sz=88x31;ord=33811?,Click Here!
goo.ne.jp,20000511033340,"net,doubleclick,jp,ad)/ad/www.brand-left.goo.ne.jp/sponsor-button/menubottom_left;sz=88x31;ord=33811",20130208144733,http://ad.jp.doubleclick.net/ad/www.brand-left.goo.ne.jp/sponsor-button/menubottom_left;sz=88x31;ord=33811,image/gif,200,KCZQ7VPYPSC74XF2EY24XAZRNSTREUGX,317,1,1,43,True,1,0,0,,,88,31,http://ad.jp.doubleclick.net/jump/www.brand-left.goo.ne.jp/sponsor-button/menubottom_left;sz=88x31;ord=33811?,http://ad.jp.doubleclick.net/jump/www.brand-left.goo.ne.jp/sponsor-button/menubottom_left;sz=88x31;ord=33811?,Click Here!
goo.ne.jp,20000510183106,"net,doubleclick,jp,ad)/ad/www.brand-left.goo.ne.jp/sponsor-button/menubottom_left;sz=88x31;ord=3980",20130308043437,http://ad.jp.doubleclick.net/ad/www.brand-left.goo.ne.jp/sponsor-button/menubottom_left;sz=88x31;ord=3980,image/gif,200,KCZQ7VPYPSC74XF2EY24XAZRNSTREUGX,315,1,1,43,True,1,0,0,,,88,31,http://ad.jp.doubleclick.net/jump/www.brand-left.goo.ne.jp/sponsor-button/menubottom_left;sz=88x31;ord=3980?,http://ad.jp.doubleclick.net/jump/www.brand-left.goo.ne.jp/sponsor-button/menubottom_left;sz=88x31;ord=3980?,Click Here!
goo.ne.jp,20000510183106,"net,doubleclick,jp,ad)/ad/www.brand-right.goo.ne.jp/sponsor-button/menubottom_right;sz=88x31;ord=3980",20130308043438,http://ad.jp.doubleclick.net/ad/www.brand-right.goo.ne.jp/sponsor-button/menubottom_right;sz=88x31;ord=3980,image/gif,200,KCZQ7VPYPSC74XF2EY24XAZRNSTREUGX,315,1,1,43,True,1,0,0,,,88,31,http://ad.jp.doubleclick.net/jump/www.brand-right.goo.ne.jp/sponsor-button/menubottom_right;sz=88x31;ord=3980?,http://ad.jp.doubleclick.net/jump/www.brand-right.goo.ne.jp/sponsor-button/menubottom_right;sz=88x31;ord=3980?,Click Here!
goo.ne.jp,20000510185419,"net,doubleclick,jp,ad)/ad/www.brand-left.goo.ne.jp/sponsor-button/menubottom_left;sz=88x31;ord=96467",20130606143150,http://ad.jp.doubleclick.net/ad/www.brand-left.goo.ne.jp/sponsor-button/menubottom_left;sz=88x31;ord=96467,image/gif,200,KCZQ7VPYPSC74XF2EY24XAZRNSTREUGX,318,1,1,43,True,1,0,0,,,88,31,http://ad.jp.doubleclick.net/jump/www.brand-left.goo.ne.jp/sponsor-button/menubottom_left;sz=88x31;ord=96467?,http://ad.jp.doubleclick.net/jump/www.brand-left.goo.ne.jp/sponsor-button/menubottom_left;sz=88x31;ord=96467?,Click Here!
goo.ne.jp,20000510185419,"net,doubleclick,jp,ad)/ad/www.brand-right.goo.ne.jp/sponsor-button/menubottom_right;sz=88x31;ord=96467",20130606143150,http://ad.jp.doubleclick.net/ad/www.brand-right.goo.ne.jp/sponsor-button/menubottom_right;sz=88x31;ord=96467,image/gif,200,KCZQ7VPYPSC74XF2EY24XAZRNSTREUGX,319,1,1,43,True,1,0,0,,,88,31,http://ad.jp.doubleclick.net/jump/www.brand-right.goo.ne.jp/sponsor-button/menubottom_right;sz=88x31;ord=96467?,http://ad.jp.doubleclick.net/jump/www.brand-right.goo.ne.jp/sponsor-button/menubottom_right;sz=88x31;ord=96467?,Click Here!
goo.ne.jp,20000520072127,"net,doubleclick,jp,ad)/ad/www.brand-right.goo.ne.jp/sponsor-button/menubottom_right;sz=88x31;ord=78612",20130317080323,http://ad.jp.doubleclick.net/ad/www.brand-right.goo.ne.jp/sponsor-button/menubottom_right;sz=88x31;ord=78612,image/gif,200,KCZQ7VPYPSC74XF2EY24XAZRNSTREUGX,317,1,1,43,True,1,0,0,,,88,31,http://ad.jp.doubleclick.net/jump/www.brand-right.goo.ne.jp/sponsor-button/menubottom_right;sz=88x31;ord=78612?,http://ad.jp.doubleclick.net/jump/www.brand-right.goo.ne.jp/sponsor-button/menubottom_right;sz=88x31;ord=78612?,Click Here!
goo.ne.jp,20000520072127,"net,doubleclick,jp,ad)/ad/www.brand-left.goo.ne.jp/sponsor-button/menubottom_left;sz=88x31;ord=78612",20130317080323,http://ad.jp.doubleclick.net/ad/www.brand-left.goo.ne.jp/sponsor-button/menubottom_left;sz=88x31;ord=78612,image/gif,200,KCZQ7VPYPSC74XF2EY24XAZRNSTREUGX,317,1,1,43,True,1,0,0,,,88,31,http://ad.jp.doubleclick.net/jump/www.brand-left.goo.ne.jp/sponsor-button/menubottom_left;sz=88x31;ord=78612?,http://ad.jp.doubleclick.net/jump/www.brand-left.goo.ne.jp/sponsor-button/menubottom_left;sz=88x31;ord=78612?,Click Here!
excite.co.jp,20000512013628,"jp,co,excite)/img/excitemini_ana0511.gif",20021101173656,http://www.excite.co.jp/img/excitemini_ana0511.gif,image/gif,200,L2TG6MCSL5KDAYQ7SI6C2G7ID2AA2EBN,2394,224,33,2061,False,1,0,0,,Small Banner,224,33,/relocate/co=jp/miniad-11;http://www.ana.co.jp,http://www.excite.co.jp:80/relocate/co=jp/miniad-11;http://www.ana.co.jp,
excite.co.jp,20000511193531,"jp,co,excite)/img/excitemini_ana0511.gif",20021101173656,http://www.excite.co.jp/img/excitemini_ana0511.gif,image/gif,200,L2TG6MCSL5KDAYQ7SI6C2G7ID2AA2EBN,2394,224,33,2061,False,1,0,0,,Small Banner,224,33,/relocate/co=jp/miniad-11;http://www.ana.co.jp,http://www.excite.co.jp:80/relocate/co=jp/miniad-11;http://www.ana.co.jp,
excite.co.jp,20000511213612,"jp,co,excite)/img/excitemini_ana0511.gif",20021101173656,http://www.excite.co.jp/img/excitemini_ana0511.gif,image/gif,200,L2TG6MCSL5KDAYQ7SI6C2G7ID2AA2EBN,2394,224,33,2061,False,1,0,0,,Small Banner,224,33,/relocate/co=jp/miniad-11;http://www.ana.co.jp,http://www.excite.co.jp:80/relocate/co=jp/miniad-11;http://www.ana.co.jp,
excite.co.jp,20000510032856,"net,akamai,g,a984)/f/984/933/6h/www.excite.co.jp/img/beach2.gif",20031124033238,http://a984.g.akamai.net/f/984/933/6h/www.excite.co.jp/img/beach2.gif,image/gif,200,CQX2KQ4N34RME2Z4Z6XPF4XTXL6BGMWL,2788,224,33,2463,False,1,0,0,,Small Banner,224,33,/relocate/co=jp/s1;http://woman.excite.co.jp/woman/season/the_beach/,http://www.excite.co.jp:80/relocate/co=jp/s1;http://woman.excite.co.jp/woman/season/the_beach/,
excite.co.jp,20000519223402,"jp,co,excite)/img/excitemini_ana0511.gif",20021101173656,http://www.excite.co.jp/img/excitemini_ana0511.gif,image/gif,200,L2TG6MCSL5KDAYQ7SI6C2G7ID2AA2EBN,2394,224,33,2061,False,1,0,0,,Small Banner,224,33,/relocate/co=jp/miniad-11;http://www.ana.co.jp,http://excite.co.jp:80/relocate/co=jp/miniad-11;http://www.ana.co.jp,
excite.co.jp,20000511221329,"jp,co,excite)/img/excitemini_ana0511.gif",20021101173656,http://www.excite.co.jp/img/excitemini_ana0511.gif,image/gif,200,L2TG6MCSL5KDAYQ7SI6C2G7ID2AA2EBN,2394,224,33,2061,False,1,0,0,,Small Banner,224,33,/relocate/co=jp/miniad-11;http://www.ana.co.jp,http://excite.co.jp:80/relocate/co=jp/miniad-11;http://www.ana.co.jp,
excite.co.jp,20000520084657,"jp,co,excite)/img/excitemini_ana0511.gif",20021101173656,http://www.excite.co.jp/img/excitemini_ana0511.gif,image/gif,200,L2TG6MCSL5KDAYQ7SI6C2G7ID2AA2EBN,2394,224,33,2061,False,1,0,0,,Small Banner,224,33,/relocate/co=jp/miniad-11;http://www.ana.co.jp,http://www.excite.co.jp:80/relocate/co=jp/miniad-11;http://www.ana.co.jp,
excite.co.jp,20000511183602,"jp,co,excite)/img/excitemini_ana0511.gif",20021101173656,http://www.excite.co.jp/img/excitemini_ana0511.gif,image/gif,200,L2TG6MCSL5KDAYQ7SI6C2G7ID2AA2EBN,2394,224,33,2061,False,1,0,0,,Small Banner,224,33,/relocate/co=jp/miniad-11;http://www.ana.co.jp,http://www.excite.co.jp:80/relocate/co=jp/miniad-11;http://www.ana.co.jp,
infoseek.co.jp,20000511175935,"jp,co,infoseek)/images/ads/dicf1000.gif",20030205005807,http://www.infoseek.co.jp/images/ads/dicf1000.gif,image/gif,200,IF3OMLFL5DFM4I5GWUY3GTFDYOMPLFVN,5253,224,33,4984,True,5,5000,0,,Small Banner,224,33,http://www.infoseek.co.jp/redirect?sv=JP&lk=&tid=&ak=dicf-2000-1000-S1003&rd=http://www.cashnavi.com/,http://www.infoseek.co.jp/redirect?sv=JP&lk=&tid=&ak=dicf-2000-1000-S1003&rd=http://www.cashnavi.com/,[プレステ２当たる！今すぐClick]
infoseek.co.jp,20000511033753,"jp,co,infoseek)/images/ads/dicf1000.gif",20030205005807,http://www.infoseek.co.jp/images/ads/dicf1000.gif,image/gif,200,IF3OMLFL5DFM4I5GWUY3GTFDYOMPLFVN,5253,224,33,4984,True,5,5000,0,,Small Banner,224,33,http://www.infoseek.co.jp/redirect?sv=JP&lk=&tid=&ak=dicf-2000-1000-S1003&rd=http://www.cashnavi.com/,http://www.infoseek.co.jp/redirect?sv=JP&lk=&tid=&ak=dicf-2000-1000-S1003&rd=http://www.cashnavi.com/,[プレステ２当たる！今すぐClick]
infoseek.co.jp,20000512011426,"jp,co,infoseek)/images/ads/dicf1000.gif",20030205005807,http://www.infoseek.co.jp/images/ads/dicf1000.gif,image/gif,200,IF3OMLFL5DFM4I5GWUY3GTFDYOMPLFVN,5253,224,33,4984,True,5,5000,0,,Small Banner,224,33,http://www.infoseek.co.jp/redirect?sv=JP&lk=&tid=&ak=dicf-2000-1000-S1003&rd=http://www.cashnavi.com/,http://www.infoseek.co.jp/redirect?sv=JP&lk=&tid=&ak=dicf-2000-1000-S1003&rd=http://www.cashnavi.com/,[プレステ２当たる！今すぐClick]
infoseek.co.jp,20000510125510,"jp,co,infoseek)/images/ads/dicf1000.gif",20030205005807,http://www.infoseek.co.jp/images/ads/dicf1000.gif,image/gif,200,IF3OMLFL5DFM4I5GWUY3GTFDYOMPLFVN,5253,224,33,4984,True,5,5000,0,,Small Banner,224,33,http://www.infoseek.co.jp/redirect?sv=JP&lk=&tid=&ak=dicf-2000-1000-S1003&rd=http://www.cashnavi.com/,http://www.infoseek.co.jp/redirect?sv=JP&lk=&tid=&ak=dicf-2000-1000-S1003&rd=http://www.cashnavi.com/,[プレステ２当たる！今すぐClick]
infoseek.co.jp,20000510114724,"jp,co,infoseek)/images/ads/dicf1000.gif",20030205005807,http://www.infoseek.co.jp/images/ads/dicf1000.gif,image/gif,200,IF3OMLFL5DFM4I5GWUY3GTFDYOMPLFVN,5253,224,33,4984,True,5,5000,0,,Small Banner,224,33,http://www.infoseek.co.jp/redirect?sv=JP&lk=&tid=&ak=dicf-2000-1000-S1003&rd=http://www.cashnavi.com/,http://www.infoseek.co.jp/redirect?sv=JP&lk=&tid=&ak=dicf-2000-1000-S1003&rd=http://www.cashnavi.com/,[プレステ２当たる！今すぐClick]
infoseek.co.jp,20000510160055,"jp,co,infoseek)/images/ads/dicf1000.gif",20030205005807,http://www.infoseek.co.jp/images/ads/dicf1000.gif,image/gif,200,IF3OMLFL5DFM4I5GWUY3GTFDYOMPLFVN,5253,224,33,4984,True,5,5000,0,,Small Banner,224,33,http://www.infoseek.co.jp/redirect?sv=JP&lk=&tid=&ak=dicf-2000-1000-S1003&rd=http://www.cashnavi.com/,http://www.infoseek.co.jp/redirect?sv=JP&lk=&tid=&ak=dicf-2000-1000-S1003&rd=http://www.cashnavi.com/,[プレステ２当たる！今すぐClick]
infoseek.co.jp,20000520020841,"jp,co,infoseek)/images/ads/ddi_1028.gif",20030701001209,http://www.infoseek.co.jp/images/ads/ddi_1028.gif,image/gif,200,WZYBOJ5DPCRQ6VVGNUN57A2QL2D7DZ4L,4315,224,33,4073,True,5,7500,0,,Small Banner,224,33,http://www.infoseek.co.jp/redirect?sv=JP&lk=&tid=&ak=ddi_-2028-1028-S1003&rd=http://www.cellular.ezweb.ne.jp/,http://www.infoseek.co.jp/redirect?sv=JP&lk=&tid=&ak=ddi_-2028-1028-S1003&rd=http://www.cellular.ezweb.ne.jp/,[DDI]
biglobe.ne.jp,20000510175943,"jp,ne,biglobe)/image/necbanner.gif",20000817184716,http://www.biglobe.ne.jp:80/image/necbanner.gif,image/gif,200,MAFQLLJVO4KRRGB5EUAB444ELGLLXZBX,915,88,31,586,False,1,0,0,Micro Button,,88,31,http://www.nec.co.jp/,http://www.nec.co.jp/,NEC
biglobe.ne.jp,20000510175943,"jp,ne,biglobe)/image/ebay4.gif",20000817184726,http://www.biglobe.ne.jp:80/image/ebay4.gif,image/gif,200,MEGSDHNBJS7MC3G3OVNOT2BLRVTLTDSK,1931,88,31,1751,False,1,0,0,Micro Button,,88,31,http://bmjmp.logsv.biglobe.ne.jp/cgi-bin/forward_auc?LOG_ID=001001&PAT_ID=7094&FORWARD_URL=http://www.ebayjapan.co.jp/,http://bmjmp.logsv.biglobe.ne.jp/cgi-bin/forward_auc?LOG_ID=001001&PAT_ID=7094&FORWARD_URL=http://www.ebayjapan.co.jp/,
biglobe.ne.jp,20000510175943,"jp,ne,biglobe)/image/lavoro.gif",20000901230934,http://www.biglobe.ne.jp:80/image/lavoro.gif,image/gif,200,ZI4N7GUFTROUBXSZ7MCLM62WK44VUXRI,1725,88,31,1626,True,1,0,0,Micro Button,,88,31,http://lavoro.call.ne.jp/,http://lavoro.call.ne.jp/,人材派遣情報Web LAVORO
biglobe.ne.jp,20000510175943,"jp,ne,biglobe)/image/iebanner.gif",20000817184737,http://www.biglobe.ne.jp:80/image/iebanner.gif,image/gif,200,W47E64B3VJKJTHVSVIQ5HSOWL3SOMSAH,1656,88,31,1601,True,1,0,0,Micro Button,,88,31,http://www.microsoft.com/japan/ie/,http://www.microsoft.com/japan/ie/,FREE Microsoft Internet Explorer
biglobe.ne.jp,20000510175943,"jp,ne,biglobe)/image/dora-ba-s.gif",20200323081535,https://www.biglobe.ne.jp/image/dora-ba-s.gif,image/gif,200,XPSWDXWDWJVW554FSGCHZVWFHWRNXXK2,7431,90,30,10213,True,10,10000,0,,,88,31,http://www.doranet.ne.jp/index-bm.html,http://www.doranet.ne.jp/index-bm.html,ドラネット
biglobe.ne.jp,20000511162331,"jp,ne,biglobe)/image/necbanner.gif",20000817184716,http://www.biglobe.ne.jp:80/image/necbanner.gif,image/gif,200,MAFQLLJVO4KRRGB5EUAB444ELGLLXZBX,915,88,31,586,False,1,0,0,Micro Button,,88,31,http://www.nec.co.jp/,http://www.nec.co.jp/,NEC
biglobe.ne.jp,20000511162331,"jp,ne,biglobe)/image/ebay4.gif",20000817184726,http://www.biglobe.ne.jp:80/image/ebay4.gif,image/gif,200,MEGSDHNBJS7MC3G3OVNOT2BLRVTLTDSK,1931,88,31,1751,False,1,0,0,Micro Button,,88,31,http://bmjmp.logsv.biglobe.ne.jp/cgi-bin/forward_auc?LOG_ID=001001&PAT_ID=7094&FORWARD_URL=http://www.ebayjapan.co.jp/,http://bmjmp.logsv.biglobe.ne.jp/cgi-bin/forward_auc?LOG_ID=001001&PAT_ID=7094&FORWARD_URL=http://www.ebayjapan.co.jp/,
biglobe.ne.jp,20000511162331,"jp,ne,biglobe)/image/lavoro.gif",20000901230934,http://www.biglobe.ne.jp:80/image/lavoro.gif,image/gif,200,ZI4N7GUFTROUBXSZ7MCLM62WK44VUXRI,1725,88,31,1626,True,1,0,0,Micro Button,,88,31,http://lavoro.call.ne.jp/,http://lavoro.call.ne.jp/,人材派遣情報Web LAVORO
biglobe.ne.jp,20000511162331,"jp,ne,biglobe)/image/iebanner.gif",20000817184737,http://www.biglobe.ne.jp:80/image/iebanner.gif,image/gif,200,W47E64B3VJKJTHVSVIQ5HSOWL3SOMSAH,1656,88,31,1601,True,1,0,0,Micro Button,,88,31,http://www.microsoft.com/japan/ie/,http://www.microsoft.com/japan/ie/,FREE Microsoft Internet Explorer
biglobe.ne.jp,20000511162331,"jp,ne,biglobe)/image/dora-ba-s.gif",20200323081535,https://www.biglobe.ne.jp/image/dora-ba-s.gif,image/gif,200,XPSWDXWDWJVW554FSGCHZVWFHWRNXXK2,7431,90,30,10213,True,10,10000,0,,,88,31,http://www.doranet.ne.jp/index-bm.html,http://www.doranet.ne.jp/index-bm.html,ドラネット
biglobe.ne.jp,20000511080738,"jp,ne,biglobe)/image/necbanner.gif",20000817184716,http://www.biglobe.ne.jp:80/image/necbanner.gif,image/gif,200,MAFQLLJVO4KRRGB5EUAB444ELGLLXZBX,915,88,31,586,False,1,0,0,Micro Button,,88,31,http://www.nec.co.jp/,http://www.nec.co.jp/,NEC
biglobe.ne.jp,20000511080738,"jp,ne,biglobe)/image/ebay4.gif",20000817184726,http://www.biglobe.ne.jp:80/image/ebay4.gif,image/gif,200,MEGSDHNBJS7MC3G3OVNOT2BLRVTLTDSK,1931,88,31,1751,False,1,0,0,Micro Button,,88,31,http://bmjmp.logsv.biglobe.ne.jp/cgi-bin/forward_auc?LOG_ID=001001&PAT_ID=7094&FORWARD_URL=http://www.ebayjapan.co.jp/,http://bmjmp.logsv.biglobe.ne.jp/cgi-bin/forward_auc?LOG_ID=001001&PAT_ID=7094&FORWARD_URL=http://www.ebayjapan.co.jp/,
biglobe.ne.jp,20000511080738,"jp,ne,biglobe)/image/lavoro.gif",20000901230934,http://www.biglobe.ne.jp:80/image/lavoro.gif,image/gif,200,ZI4N7GUFTROUBXSZ7MCLM62WK44VUXRI,1725,88,31,1626,True,1,0,0,Micro Button,,88,31,http://lavoro.call.ne.jp/,http://lavoro.call.ne.jp/,人材派遣情報Web LAVORO
biglobe.ne.jp,20000511080738,"jp,ne,biglobe)/image/iebanner.gif",20000817184737,http://www.biglobe.ne.jp:80/image/iebanner.gif,image/gif,200,W47E64B3VJKJTHVSVIQ5HSOWL3SOMSAH,1656,88,31,1601,True,1,0,0,Micro Button,,88,31,http://www.microsoft.com/japan/ie/,http://www.microsoft.com/japan/ie/,FREE Microsoft Internet Explorer
biglobe.ne.jp,20000511080738,"jp,ne,biglobe)/image/dora-ba-s.gif",20200323081535,https://www.biglobe.ne.jp/image/dora-ba-s.gif,image/gif,200,XPSWDXWDWJVW554FSGCHZVWFHWRNXXK2,7431,90,30,10213,True,10,10000,0,,,88,31,http://www.doranet.ne.jp/index-bm.html,http://www.doranet.ne.jp/index-bm.html,ドラネット
biglobe.ne.jp,20000511142326,"jp,ne,biglobe)/image/necbanner.gif",20000817184716,http://www.biglobe.ne.jp:80/image/necbanner.gif,image/gif,200,MAFQLLJVO4KRRGB5EUAB444ELGLLXZBX,915,88,31,586,False,1,0,0,Micro Button,,88,31,http://www.nec.co.jp/,http://www.nec.co.jp/,NEC
biglobe.ne.jp,20000511142326,"jp,ne,biglobe)/image/ebay4.gif",20000817184726,http://www.biglobe.ne.jp:80/image/ebay4.gif,image/gif,200,MEGSDHNBJS7MC3G3OVNOT2BLRVTLTDSK,1931,88,31,1751,False,1,0,0,Micro Button,,88,31,http://bmjmp.logsv.biglobe.ne.jp/cgi-bin/forward_auc?LOG_ID=001001&PAT_ID=7094&FORWARD_URL=http://www.ebayjapan.co.jp/,http://bmjmp.logsv.biglobe.ne.jp/cgi-bin/forward_auc?LOG_ID=001001&PAT_ID=7094&FORWARD_URL=http://www.ebayjapan.co.jp/,
biglobe.ne.jp,20000511142326,"jp,ne,biglobe)/image/lavoro.gif",20000901230934,http://www.biglobe.ne.jp:80/image/lavoro.gif,image/gif,200,ZI4N7GUFTROUBXSZ7MCLM62WK44VUXRI,1725,88,31,1626,True,1,0,0,Micro Button,,88,31,http://lavoro.call.ne.jp/,http://lavoro.call.ne.jp/,人材派遣情報Web LAVORO
biglobe.ne.jp,20000511142326,"jp,ne,biglobe)/image/iebanner.gif",20000817184737,http://www.biglobe.ne.jp:80/image/iebanner.gif,image/gif,200,W47E64B3VJKJTHVSVIQ5HSOWL3SOMSAH,1656,88,31,1601,True,1,0,0,Micro Button,,88,31,http://www.microsoft.com/japan/ie/,http://www.microsoft.com/japan/ie/,FREE Microsoft Internet Explorer
biglobe.ne.jp,20000511142326,"jp,ne,biglobe)/image/dora-ba-s.gif",20200323081535,https://www.biglobe.ne.jp/image/dora-ba-s.gif,image/gif,200,XPSWDXWDWJVW554FSGCHZVWFHWRNXXK2,7431,90,30,10213,True,10,10000,0,,,88,31,http://www.doranet.ne.jp/index-bm.html,http://www.doranet.ne.jp/index-bm.html,ドラネット
biglobe.ne.jp,20000519231423,"jp,ne,biglobe)/image/necbanner.gif",20000817184716,http://www.biglobe.ne.jp:80/image/necbanner.gif,image/gif,200,MAFQLLJVO4KRRGB5EUAB444ELGLLXZBX,915,88,31,586,False,1,0,0,Micro Button,,88,31,http://www.nec.co.jp/,http://www.nec.co.jp/,NEC
biglobe.ne.jp,20000519231423,"jp,ne,biglobe)/image/ebay4.gif",20000817184726,http://www.biglobe.ne.jp:80/image/ebay4.gif,image/gif,200,MEGSDHNBJS7MC3G3OVNOT2BLRVTLTDSK,1931,88,31,1751,False,1,0,0,Micro Button,,88,31,http://bmjmp.logsv.biglobe.ne.jp/cgi-bin/forward_auc?LOG_ID=001001&PAT_ID=7094&FORWARD_URL=http://www.ebayjapan.co.jp/,http://bmjmp.logsv.biglobe.ne.jp/cgi-bin/forward_auc?LOG_ID=001001&PAT_ID=7094&FORWARD_URL=http://www.ebayjapan.co.jp/,
biglobe.ne.jp,20000519231423,"jp,ne,biglobe)/image/lavoro.gif",20000901230934,http://www.biglobe.ne.jp:80/image/lavoro.gif,image/gif,200,ZI4N7GUFTROUBXSZ7MCLM62WK44VUXRI,1725,88,31,1626,True,1,0,0,Micro Button,,88,31,http://lavoro.call.ne.jp/,http://lavoro.call.ne.jp/,人材派遣情報Web LAVORO
biglobe.ne.jp,20000519231423,"jp,ne,biglobe)/image/iebanner.gif",20000817184737,http://www.biglobe.ne.jp:80/image/iebanner.gif,image/gif,200,W47E64B3VJKJTHVSVIQ5HSOWL3SOMSAH,1656,88,31,1601,True,1,0,0,Micro Button,,88,31,http://www.microsoft.com/japan/ie/,http://www.microsoft.com/japan/ie/,FREE Microsoft Internet Explorer
biglobe.ne.jp,20000519231423,"jp,ne,biglobe)/image/dora-ba-s.gif",20200323081535,https://www.biglobe.ne.jp/image/dora-ba-s.gif,image/gif,200,XPSWDXWDWJVW554FSGCHZVWFHWRNXXK2,7431,90,30,10213,True,10,10000,0,,,88,31,http://www.doranet.ne.jp/index-bm.html,http://www.doranet.ne.jp/index-bm.html,ドラネット
biglobe.ne.jp,20000511120234,"jp,ne,biglobe)/image/necbanner.gif",20000817184716,http://www.biglobe.ne.jp:80/image/necbanner.gif,image/gif,200,MAFQLLJVO4KRRGB5EUAB444ELGLLXZBX,915,88,31,586,False,1,0,0,Micro Button,,88,31,http://www.nec.co.jp/,http://www.nec.co.jp/,NEC
biglobe.ne.jp,20000511120234,"jp,ne,biglobe)/image/ebay4.gif",20000817184726,http://www.biglobe.ne.jp:80/image/ebay4.gif,image/gif,200,MEGSDHNBJS7MC3G3OVNOT2BLRVTLTDSK,1931,88,31,1751,False,1,0,0,Micro Button,,88,31,http://bmjmp.logsv.biglobe.ne.jp/cgi-bin/forward_auc?LOG_ID=001001&PAT_ID=7094&FORWARD_URL=http://www.ebayjapan.co.jp/,http://bmjmp.logsv.biglobe.ne.jp/cgi-bin/forward_auc?LOG_ID=001001&PAT_ID=7094&FORWARD_URL=http://www.ebayjapan.co.jp/,
biglobe.ne.jp,20000511120234,"jp,ne,biglobe)/image/lavoro.gif",20000901230934,http://www.biglobe.ne.jp:80/image/lavoro.gif,image/gif,200,ZI4N7GUFTROUBXSZ7MCLM62WK44VUXRI,1725,88,31,1626,True,1,0,0,Micro Button,,88,31,http://lavoro.call.ne.jp/,http://lavoro.call.ne.jp/,人材派遣情報Web LAVORO
biglobe.ne.jp,20000511120234,"jp,ne,biglobe)/image/iebanner.gif",20000817184737,http://www.biglobe.ne.jp:80/image/iebanner.gif,image/gif,200,W47E64B3VJKJTHVSVIQ5HSOWL3SOMSAH,1656,88,31,1601,True,1,0,0,Micro Button,,88,31,http://www.microsoft.com/japan/ie/,http://www.microsoft.com/japan/ie/,FREE Microsoft Internet Explorer
biglobe.ne.jp,20000511120234,"jp,ne,biglobe)/image/dora-ba-s.gif",20200323081535,https://www.biglobe.ne.jp/image/dora-ba-s.gif,image/gif,200,XPSWDXWDWJVW554FSGCHZVWFHWRNXXK2,7431,90,30,10213,True,10,10000,0,,,88,31,http://www.doranet.ne.jp/index-bm.html,http://www.doranet.ne.jp/index-bm.html,ドラネット
lycos.co.jp,20000510090616,"jp,co,lycos,ads)/ads/aiful_top0004_3.gif",20000828012829,http://ads.lycos.co.jp:80/ads/aiful_top0004_3.gif,image/gif,200,ALJEXV76T6UDMSH5XNKO53R6XOEXFVYM,3325,224,33,3039,True,3,3000,0,,Small Banner,224,33,/cgi-bin/nph-adclick.exe/CID=000011ec65c57efb00000000/ST=jp/SV=jp/A=X.jp.jp_homepage.banner_224_1.,http://www.lycos.co.jp:80/cgi-bin/nph-adclick.exe/CID=000011ec65c57efb00000000/ST=jp/SV=jp/A=X.jp.jp_homepage.banner_224_1.,click here!
lycos.co.jp,20000510142936,"jp,co,lycos,ads)/ads/aiful_top0004_2.gif",20000827231540,http://ads.lycos.co.jp:80/ads/aiful_top0004_2.gif,image/gif,200,HNCXS3EZ6R4LWU7SI75TS7PWPZEYK7MI,2321,224,33,2191,True,14,1400,0,,Small Banner,224,33,/cgi-bin/nph-adclick.exe/CID=000011eb65c57efb00000000/ST=jp/SV=jp/A=X.jp.jp_homepage.banner_224_1.,http://www.lycos.co.jp:80/cgi-bin/nph-adclick.exe/CID=000011eb65c57efb00000000/ST=jp/SV=jp/A=X.jp.jp_homepage.banner_224_1.,click here!
lycos.co.jp,20000510071029,"jp,co,lycos,ads)/ads/aiful_top0004_2.gif",20000827231540,http://ads.lycos.co.jp:80/ads/aiful_top0004_2.gif,image/gif,200,HNCXS3EZ6R4LWU7SI75TS7PWPZEYK7MI,2321,224,33,2191,True,14,1400,0,,Small Banner,224,33,/cgi-bin/nph-adclick.exe/CID=000011eb65c57efb00000000/ST=jp/SV=jp/A=X.jp.jp_homepage.banner_224_1.,http://lycos.co.jp:80/cgi-bin/nph-adclick.exe/CID=000011eb65c57efb00000000/ST=jp/SV=jp/A=X.jp.jp_homepage.banner_224_1.,click here!
lycos.co.jp,20000510044421,"jp,co,lycos,ads)/ads/aiful_top0004_3.gif",20000828012829,http://ads.lycos.co.jp:80/ads/aiful_top0004_3.gif,image/gif,200,ALJEXV76T6UDMSH5XNKO53R6XOEXFVYM,3325,224,33,3039,True,3,3000,0,,Small Banner,224,33,/cgi-bin/nph-adclick.exe/CID=000011ec65c57efb00000000/ST=jp/SV=jp/A=X.jp.jp_homepage.banner_224_1.,http://www.lycos.co.jp:80/cgi-bin/nph-adclick.exe/CID=000011ec65c57efb00000000/ST=jp/SV=jp/A=X.jp.jp_homepage.banner_224_1.,click here!
lycos.co.jp,20000510044055,"jp,co,lycos,ads)/ads/aiful_top0004_2.gif",20000827231540,http://ads.lycos.co.jp:80/ads/aiful_top0004_2.gif,image/gif,200,HNCXS3EZ6R4LWU7SI75TS7PWPZEYK7MI,2321,224,33,2191,True,14,1400,0,,Small Banner,224,33,/cgi-bin/nph-adclick.exe/CID=000011eb65c57efb00000000/ST=jp/SV=jp/A=X.jp.jp_homepage.banner_224_1.,http://www.lycos.co.jp:80/cgi-bin/nph-adclick.exe/CID=000011eb65c57efb00000000/ST=jp/SV=jp/A=X.jp.jp_homepage.banner_224_1.,click here!
lycos.co.jp,20000519223002,"jp,co,lycos,ads)/ads/yusei_tp0005_1.gif",20040110001035,http://ads.lycos.co.jp/ads/yusei_tp0005_1.gif,text/html,200,IQBXEBSFXSIIC4JXCZO2CAOZ6CDXE5QY,11889,,,,,,,,,,224,33,/cgi-bin/nph-adclick.exe/CID=0000124b65c57efb00000000/ST=jp/SV=jp/A=X.jp.jp_homepage.banner_224_1.,http://www.lycos.co.jp:80/cgi-bin/nph-adclick.exe/CID=0000124b65c57efb00000000/ST=jp/SV=jp/A=X.jp.jp_homepage.banner_224_1.,click here!
lycos.co.jp,20000511043728,"jp,co,lycos,ads)/ads/autobytel_top9911_1.gif",20000517094538,http://ads.lycos.co.jp:80/ads/autobytel_top9911_1.gif,im,200,FT5PH3RARLNBG7AJK5AF4INLU6ADFSCM,4077,224,33,3951,True,4,4000,0,,Small Banner,224,33,/cgi-bin/nph-adclick.exe/CID=000012ce65c57efb00000000/ST=jp/SV=jp/A=X.jp.jp_homepage.banner_224_1.,http://lycos.co.jp:80/cgi-bin/nph-adclick.exe/CID=000012ce65c57efb00000000/ST=jp/SV=jp/A=X.jp.jp_homepage.banner_224_1.,Click HERE
lycos.co.jp,20000510052003,"jp,co,lycos,ads)/ads/autobytel_top9911_2.gif",20031012105503,http://ads.lycos.co.jp/ads/autobytel_top9911_2.gif,text/html,200,GIFITISYGR3U56XLAV2IVSAT7A6OPDOW,12239,,,,,,,,,,224,33,/cgi-bin/nph-adclick.exe/CID=000012cf65c57efb00000000/ST=jp/SV=jp/A=X.jp.jp_homepage.banner_224_1.,http://www.lycos.co.jp:80/cgi-bin/nph-adclick.exe/CID=000012cf65c57efb00000000/ST=jp/SV=jp/A=X.jp.jp_homepage.banner_224_1.,autobytel-japan
lycos.co.jp,20000510211920,"jp,co,lycos,ads)/ads/aiful_top0004_3.gif",20000828012829,http://ads.lycos.co.jp:80/ads/aiful_top0004_3.gif,image/gif,200,ALJEXV76T6UDMSH5XNKO53R6XOEXFVYM,3325,224,33,3039,True,3,3000,0,,Small Banner,224,33,/cgi-bin/nph-adclick.exe/CID=000011ec65c57efb00000000/ST=jp/SV=jp/A=X.jp.jp_homepage.banner_224_1.,http://www.lycos.co.jp:80/cgi-bin/nph-adclick.exe/CID=000011ec65c57efb00000000/ST=jp/SV=jp/A=X.jp.jp_homepage.banner_224_1.,click here!
lycos.co.jp,20000511171913,"jp,co,lycos,ads)/ads/aiful_top0004_2.gif",20000827231540,http://ads.lycos.co.jp:80/ads/aiful_top0004_2.gif,image/gif,200,HNCXS3EZ6R4LWU7SI75TS7PWPZEYK7MI,2321,224,33,2191,True,14,1400,0,,Small Banner,224,33,/cgi-bin/nph-adclick.exe/CID=000011eb65c57efb00000000/ST=jp/SV=jp/A=X.jp.jp_homepage.banner_224_1.,http://www.lycos.co.jp:80/cgi-bin/nph-adclick.exe/CID=000011eb65c57efb00000000/ST=jp/SV=jp/A=X.jp.jp_homepage.banner_224_1.,click here!
lycos.co.jp,20000510181458,"jp,co,lycos,ads)/ads/aiful_top0004_3.gif",20000828012829,http://ads.lycos.co.jp:80/ads/aiful_top0004_3.gif,image/gif,200,ALJEXV76T6UDMSH5XNKO53R6XOEXFVYM,3325,224,33,3039,True,3,3000,0,,Small Banner,224,33,/cgi-bin/nph-adclick.exe/CID=000011ec65c57efb00000000/ST=jp/SV=jp/A=X.jp.jp_homepage.banner_224_1.,http://lycos.co.jp:80/cgi-bin/nph-adclick.exe/CID=000011ec65c57efb00000000/ST=jp/SV=jp/A=X.jp.jp_homepage.banner_224_1.,click here!
lycos.co.jp,20000510063003,"jp,co,lycos,ads)/ads/aiful_top0004_3.gif",20000828012829,http://ads.lycos.co.jp:80/ads/aiful_top0004_3.gif,image/gif,200,ALJEXV76T6UDMSH5XNKO53R6XOEXFVYM,3325,224,33,3039,True,3,3000,0,,Small Banner,224,33,/cgi-bin/nph-adclick.exe/CID=000011ec65c57efb00000000/ST=jp/SV=jp/A=X.jp.jp_homepage.banner_224_1.,http://www.lycos.co.jp:80/cgi-bin/nph-adclick.exe/CID=000011ec65c57efb00000000/ST=jp/SV=jp/A=X.jp.jp_homepage.banner_224_1.,click here!
